BGD,051284-4544,https://duu4t46rpry4i.cloudfront.net/Legacy/child/image/derivative/051284-TUTT_20130309_051926_APR_web.jpg
BGD,051652-0900,https://duu4t46rpry4i.cloudfront.net/Legacy/child/image/derivative/051652-PYPP_20130809_073822_APR_web.jpg
BGD,051652-0931,https://duu4t46rpry4i.cloudfront.net/Legacy/child/image/derivative/051652-PYSQ_20130809_073824_APR_web.jpg
BGD,051652-1627,https://duu4t46rpry4i.cloudfront.net/Legacy/child/image/derivative/051652-QVRW_20130809_073825_APR_web.jpg
BGD,051652-1634,https://duu4t46rpry4i.cloudfront.net/Legacy/child/image/derivative/051652-QVST_20130809_073827_APR_web.jpg
BGD,051652-2461,https://duu4t46rpry4i.cloudfront.net/Legacy/child/image/derivative/051652-RTVQ_20130809_073834_APR_web.jpg
BGD,051652-2663,https://duu4t46rpry4i.cloudfront.net/Legacy/child/image/derivative/051652-RVVS_20130809_073837_APR_web.jpg
BGD,051652-2668,https://duu4t46rpry4i.cloudfront.net/Legacy/child/image/derivative/051652-RVVX_20130809_073839_APR_web.jpg
BGD,051652-2672,https://duu4t46rpry4i.cloudfront.net/Legacy/child/image/derivative/051652-RVWR_20130809_073841_APR_web.jpg
BGD,051652-2677,https://duu4t46rpry4i.cloudfront.net/Legacy/child/image/derivative/051652-RVWW_20130809_073843_APR_web.jpg
BGD,051652-2700,https://duu4t46rpry4i.cloudfront.net/Legacy/child/image/derivative/051652-RWPP_20130809_073845_APR_web.jpg
BGD,051652-2824,https://duu4t46rpry4i.cloudfront.net/Legacy/child/image/derivative/051652-RXRT_20130809_073848_APR_web.jpg
BGD,051652-2855,https://duu4t46rpry4i.cloudfront.net/Legacy/child/image/derivative/051652-RXUU_20130809_073854_APR_web.jpg
BGD,051652-2931,https://duu4t46rpry4i.cloudfront.net/Legacy/child/image/derivative/051652-RYSQ_20130809_073857_APR_web.jpg
BGD,051652-2946,https://duu4t46rpry4i.cloudfront.net/Legacy/child/image/derivative/051652-RYTV_20130809_073859_APR_web.jpg
BGD,051652-2962,https://duu4t46rpry4i.cloudfront.net/Legacy/child/image/derivative/051652-RYVR_20130809_073902_APR_web.jpg
BGD,051652-2984,https://duu4t46rpry4i.cloudfront.net/Legacy/child/image/derivative/051652-RYXT_20130809_073906_APR_web.jpg
BGD,051652-2987,https://duu4t46rpry4i.cloudfront.net/Legacy/child/image/derivative/051652-RYXW_20130809_073910_APR_web.jpg
BGD,051652-3032,https://duu4t46rpry4i.cloudfront.net/Legacy/child/image/derivative/051652-SPSR_20130809_073920_APR_web.jpg
BGD,051652-3116,https://duu4t46rpry4i.cloudfront.net/Legacy/child/image/derivative/051652-SQQV_20130809_073924_APR_web.jpg
BGD,051652-3150,https://duu4t46rpry4i.cloudfront.net/Legacy/child/image/derivative/051652-SQUP_20130809_073925_APR_web.jpg
BGD,051652-3156,https://duu4t46rpry4i.cloudfront.net/Legacy/child/image/derivative/051652-SQUV_20130809_073926_APR_web.jpg
BGD,051652-3187,https://duu4t46rpry4i.cloudfront.net/Legacy/child/image/derivative/051652-SQXW_20130809_073927_APR_web.jpg
BGD,051652-3222,https://duu4t46rpry4i.cloudfront.net/Legacy/child/image/derivative/051652-SRRR_20130809_073928_APR_web.jpg
BGD,051652-3264,https://duu4t46rpry4i.cloudfront.net/Legacy/child/image/derivative/051652-SRVT_20130809_073935_APR_web.jpg
BGD,051652-3324,https://duu4t46rpry4i.cloudfront.net/Legacy/child/image/derivative/051652-SSRT_20130809_073939_APR_web.jpg
BGD,051652-3375,https://duu4t46rpry4i.cloudfront.net/Legacy/child/image/derivative/051652-SSWU_20130809_073940_APR_web.jpg
BGD,051652-3463,https://duu4t46rpry4i.cloudfront.net/Legacy/child/image/derivative/051652-STVS_20130809_073950_APR_web.jpg
BGD,051652-3478,https://duu4t46rpry4i.cloudfront.net/Legacy/child/image/derivative/051652-STWX_20130809_073958_APR_web.jpg
BGD,051652-3483,https://duu4t46rpry4i.cloudfront.net/Legacy/child/image/derivative/051652-STXS_20130809_073958_APR_web.jpg
BGD,051652-3494,https://duu4t46rpry4i.cloudfront.net/Legacy/child/image/derivative/051652-STYT_20130809_074000_APR_web.jpg
BGD,051652-3495,https://duu4t46rpry4i.cloudfront.net/Legacy/child/image/derivative/051652-STYU_20130809_074001_APR_web.jpg
BGD,051652-3515,https://duu4t46rpry4i.cloudfront.net/Legacy/child/image/derivative/051652-SUQU_20130809_074005_APR_web.jpg
BGD,051652-3535,https://duu4t46rpry4i.cloudfront.net/Legacy/child/image/derivative/051652-SUSU_20130809_074007_APR_web.jpg
BGD,051652-3535,https://duu4t46rpry4i.cloudfront.net/Legacy/child/image/derivative/051652-SUSU_20131024_104201_APR_web.jpg
BGD,051652-3556,https://duu4t46rpry4i.cloudfront.net/Legacy/child/image/derivative/051652-SUUV_20130809_074011_APR_web.jpg
BGD,051652-3589,https://duu4t46rpry4i.cloudfront.net/Legacy/child/image/derivative/051652-SUXY_20130809_074013_APR_web.jpg
BGD,051652-3592,https://duu4t46rpry4i.cloudfront.net/Legacy/child/image/derivative/051652-SUYR_20130809_074014_APR_web.jpg
BGD,051652-3594,https://duu4t46rpry4i.cloudfront.net/Legacy/child/image/derivative/051652-SUYT_20130809_074016_APR_web.jpg
BGD,051652-3629,https://duu4t46rpry4i.cloudfront.net/Legacy/child/image/derivative/051652-SVRY_20130809_074021_APR_web.jpg
BGD,051652-3644,https://duu4t46rpry4i.cloudfront.net/Legacy/child/image/derivative/051652-SVTT_20130809_074026_APR_web.jpg
BGD,051652-3752,https://duu4t46rpry4i.cloudfront.net/Legacy/child/image/derivative/051652-SWUR_20130809_074029_APR_web.jpg
BGD,051652-3764,https://duu4t46rpry4i.cloudfront.net/Legacy/child/image/derivative/051652-SWVT_20130809_074030_APR_web.jpg
BGD,051652-3794,https://duu4t46rpry4i.cloudfront.net/Legacy/child/image/derivative/051652-SWYT_20130809_074031_APR_web.jpg
BGD,051652-3798,https://duu4t46rpry4i.cloudfront.net/Legacy/child/image/derivative/051652-SWYX_20130809_074032_APR_web.jpg
BGD,051652-3858,https://duu4t46rpry4i.cloudfront.net/Legacy/child/image/derivative/051652-SXUX_20130809_074037_APR_web.jpg
BGD,051652-5903,https://duu4t46rpry4i.cloudfront.net/Legacy/child/image/derivative/051652-UYPS_20131024_112655_APR_web.jpg
BGD,051652-5909,https://duu4t46rpry4i.cloudfront.net/Legacy/child/image/derivative/051652-UYPY_20131024_112658_APR_web.jpg
BGD,051652-5914,https://duu4t46rpry4i.cloudfront.net/Legacy/child/image/derivative/051652-UYQT_20131024_112701_APR_web.jpg
BGD,051020-4262,https://damjoied8te1b.cloudfront.net/child/images/051020-TRVR_20140807_102412_CUP.jpg
BGD,051284-4544,https://damjoied8te1b.cloudfront.net/child/images/051284-TUTT_20140811_045619_CUP.jpg
BGD,051652-5543,https://damjoied8te1b.cloudfront.net/child/images/051652-UUTS_20140804_100359_CUP.jpg
BGD,051652-5614,https://damjoied8te1b.cloudfront.net/child/images/051652-UVQT_20140716_033142_CUP.jpg
BGD,051652-5631,https://damjoied8te1b.cloudfront.net/child/images/051652-UVSQ_20140716_033556_CUP.jpg
BGD,051652-5652,https://damjoied8te1b.cloudfront.net/child/images/051652-UVUR_20140804_100614_CUP.jpg
BGD,051652-5681,https://damjoied8te1b.cloudfront.net/child/images/051652-UVXQ_20140716_034141_CUP.jpg
BGD,051652-5692,https://damjoied8te1b.cloudfront.net/child/images/051652-UVYR_20140804_100705_CUP.jpg
BGD,051652-5703,https://damjoied8te1b.cloudfront.net/child/images/051652-UWPS_20140716_035337_CUP.jpg
BGD,051652-5708,https://damjoied8te1b.cloudfront.net/child/images/051652-UWPX_20140804_100739_CUP.jpg
BGD,051652-5735,https://damjoied8te1b.cloudfront.net/child/images/051652-UWSU_20140716_035630_CUP.jpg
BGD,051652-5742,https://damjoied8te1b.cloudfront.net/child/images/051652-UWTR_20140716_040129_CUP.jpg
BGD,051652-5776,https://damjoied8te1b.cloudfront.net/child/images/051652-UWWV_20140716_040341_CUP.jpg
BGD,051652-5793,https://damjoied8te1b.cloudfront.net/child/images/051652-UWYS_20140716_040453_CUP.jpg
BGD,051652-5810,https://damjoied8te1b.cloudfront.net/child/images/051652-UXQP_20140716_040744_CUP.jpg
BGD,051652-5816,https://damjoied8te1b.cloudfront.net/child/images/051652-UXQV_20140804_100837_CUP.jpg
BGD,051652-5817,https://damjoied8te1b.cloudfront.net/child/images/051652-UXQW_20140716_040834_CUP.jpg
BGD,051652-5822,https://damjoied8te1b.cloudfront.net/child/images/051652-UXRR_20140804_100930_CUP.jpg
BGD,051652-5823,https://damjoied8te1b.cloudfront.net/child/images/051652-UXRS_20140804_100957_CUP.jpg
BGD,051652-5825,https://damjoied8te1b.cloudfront.net/child/images/051652-UXRU_20140804_101049_CUP.jpg
BGD,051652-5830,https://damjoied8te1b.cloudfront.net/child/images/051652-UXSP_20140716_040928_CUP.jpg
BGD,051652-5846,https://damjoied8te1b.cloudfront.net/child/images/051652-UXTV_20140716_041018_CUP.jpg
BGD,051652-5858,https://damjoied8te1b.cloudfront.net/child/images/051652-UXUX_20140716_041114_CUP.jpg
BGD,051652-5863,https://damjoied8te1b.cloudfront.net/child/images/051652-UXVS_20140716_041159_CUP.jpg
BGD,051652-5898,https://damjoied8te1b.cloudfront.net/child/images/051652-UXYX_20140716_041244_CUP.jpg
BGD,051652-5914,https://damjoied8te1b.cloudfront.net/child/images/051652-UYQT_20140716_041341_CUP.jpg
BGD,051652-5915,https://damjoied8te1b.cloudfront.net/child/images/051652-UYQU_20140716_041708_CUP.jpg
BGD,051652-5916,https://damjoied8te1b.cloudfront.net/child/images/051652-UYQV_20140716_043614_CUP.jpg
BGD,051652-5937,https://damjoied8te1b.cloudfront.net/child/images/051652-UYSW_20140716_043714_CUP.jpg
BGD,051652-5943,https://damjoied8te1b.cloudfront.net/child/images/051652-UYTS_20140804_101132_CUP.jpg
CHL,150330-8441,https://damjoied8te1b.cloudfront.net/child/images/150330-XTTQ_20141117_133348_CGP.JPG
IND,162776-7628,https://damjoied8te1b.cloudfront.net/child/images/162776-WVRX_20150113_100133_CGP.jpg
IND,164617-7312,https://damjoied8te1b.cloudfront.net/child/images/164617-WSQR_20141215_080544_CGP.jpg
IND,164617-7330,https://damjoied8te1b.cloudfront.net/child/images/164617-WSSP_20150205_070502_CGP.jpg
DOM,165561-7280,https://damjoied8te1b.cloudfront.net/child/images/165561-WRXP_20150130_151823_CGP.jpg
DOM,165561-7310,https://damjoied8te1b.cloudfront.net/child/images/165561-WSQP_20150130_183535_CGP.jpg
DOM,166496-6770,https://damjoied8te1b.cloudfront.net/child/images/166496-VWWP_20150313_122206_CGP.jpg
DOM,167216-8025,https://damjoied8te1b.cloudfront.net/child/images/167216-XPRU_20141031_175817_CGP.jpg
DOM,167216-8027,https://damjoied8te1b.cloudfront.net/child/images/167216-XPRW_20141031_090703_CGP.jpg
DOM,167216-8033,https://damjoied8te1b.cloudfront.net/child/images/167216-XPSS_20141031_193928_CGP.jpg
DOM,167216-8036,https://damjoied8te1b.cloudfront.net/child/images/167216-XPSV_20141031_205324_CGP.jpg
DOM,167216-8056,https://damjoied8te1b.cloudfront.net/child/images/167216-XPUV_20150303_133329_CGP.jpg
MLI,167267-6479,https://damjoied8te1b.cloudfront.net/child/images/167267-VTWY_20150107_135527_CGP.jpg
MLI,167267-6480,https://damjoied8te1b.cloudfront.net/child/images/167267-VTXP_20150107_140233_CGP.jpg
MLI,167267-6481,https://damjoied8te1b.cloudfront.net/child/images/167267-VTXQ_20150107_160608_CGP.jpg
MLI,167267-6482,https://damjoied8te1b.cloudfront.net/child/images/167267-VTXR_20150107_162328_CGP.jpg
MLI,167267-6483,https://damjoied8te1b.cloudfront.net/child/images/167267-VTXS_20150107_163356_CGP.jpg
MLI,167267-6484,https://damjoied8te1b.cloudfront.net/child/images/167267-VTXT_20150107_165653_CGP.jpg
MLI,167267-6485,https://damjoied8te1b.cloudfront.net/child/images/167267-VTXU_20150107_170237_CGP.jpg
MLI,167267-6486,https://damjoied8te1b.cloudfront.net/child/images/167267-VTXV_20150107_172856_CGP.jpg
